ETP_DN2_DOWN;ETP_DN2_UP;DN2-DN3a_DOWN;DN2-DN3a_UP;DN3a_DN3b_DOWN;DN3a_DN3b_UP;DN3b_DN3-4_DOWN;DN3b_DN3-4_UP;DN3-4_ISP_DOWN;DN3-4_ISP_UP;ISP_DP_DOWN;ISP_DP_UP
CCR9;CDC25B;DUSP6;NRP1;CCR9;CD2;IL27RA;RORC;NTAN1;PHLDA1;NRP1;CD2
DUSP6;null;CENPE;CCR9;CD3D;CENPE;RAB1B;null;CCDC59;CCR9;CENPE;F13A1
CD44;CCNE2;YAF2;CD3D;FBP1;RASA2;CD53;MR1;TMSB10;CENPE;CYP39A1;CERK
FRMD4B;NEK2;CD44;SIT1;EMID1;ARSI;SCIN;DEK;SNRPD1;ARSI;GSG2;CCR9
GEM;TIMP2;ITGB7;SEMA7A;DDIT4;GSG2;FBXL6;RAG2;MRPL52;GSG2;CDKN2C;DUSP6
CD81;KIF11;GEM;DUSP10;VAMP1;UBE2C;ATP5D;;IGBP1;CDKN2C;LCP1;MFHAS1
TSPAN32;SHCBP1;LCP1;null;DZIP1;CDKN2C;EIF5A;;null;LYST;ECT2;DENND2D
EVL;PLK1;CD81;TXK;ID2;CDC25B;null;;FXYD5;TTK;null;NEDD9
ARHGEF3;MNS1;TSPAN32;EMID1;PLCB2;ITGB2;SOX4;;MRPS26;CDC25C;CCNE2;SEMA7A
SLC2A3;COLQ;ECT2;VAMP1;TSHZ2;CD81;CORO2A;;NUTF2;null;PRDX4;ITGB2
GRAMD3;CCNA2;null;THY1;PRRT1;ECT2;NOTCH3;;FAIM;RORC;TTK;TSPAN32
WDFY2;RRM2;CCNE2;LEF1;CLEC2D;null;SEMA4A;;LGMN;SP4;BCAT1;null
ARRB1;GATA3;PYGL;ITPR2;PDK2;CCNE2;PLEKHA7;;RPL19;FAS;CDC25C;CD4
MAP4K5;SPAG5;TTK;PVR;MYLIP;PRDX4;CCND2;;VPS28;ASPM;SDAD1;SDC4
EMP1;THY1;null;KCTD2;BACH2;TTK;IL2RA;;PCGF1;RCBTB2;PHIP;GSN
PVR;RACGAP1;USP33;ITK;TXNIP;BCAT1;NKG7;;ETV5;BUB1;null;null
RGS1;TCF19;CDC25C;LIPG;HINT3;USP33;null;;NDUFB7;MALAT1;NEK2;TXK
RRAD;CCNE1;null;TSHZ2;HMHA1;CDC25C;null;;RPS25;CCNB1;FUS;RORC
MEF2A;KIF22;NEK2;PRRT1;ARHGEF12;SDAD1;PLD4;;CD53;NIPBL;SFRS2IP;ST6GAL1
null;PBK;KIF11;SPATS2;null;POLG;IFITM2;;RABIF;ZDHHC2;KIF11;GRAMD3
RGS2;AP3S1;BIRC5;KIF21B;RASSF2;null;H19;;RPL11;CDC7;null;SPRR1B
ANKRD6;ITK;TACC3;SLC25A23;GPRC5B;NEK2;;;DAD1;RAD51;SLC39A8;VAMP1
PLXNC1;HMMR;OXCT1;LIME1;SEPP1;KIF11;;;null;RPA3;DDX27;TNK2
PRKCE;BACE1;GPD2;HDGFRP3;GNG2;null;;;IL7R;CD97;CENPF;LRIG1
GIMAP6;E2F8;SHCBP1;PDK2;SP100;UBLCP1;;;HSBP1;GANAB;BIRC5;FAS
null;RAB27A;CEP55;TXNIP;CLDN4;RORC;;;EMP3;ARF6;PRPF40A;DZIP1
EGFL7;KIF2C;null;SLAMF6;SOCS3;CENPF;;;SEPX1;CYCS;PRPF19;TRIO
GIMAP4;NCK2;PPIL5;null;ERG;BIRC5;;;null;KIF18A;CTAGE5;KLF7
KLF6;IL12RB2;DBF4;ATP1B1;PLD3;CTAGE5;;;SUMO1;BCL2L1;TACC3;MAP4K5
LAG3;TUBA8;CKS1B;KREMEN1;AP3M2;TACC3;;;RPL28;null;BZW2;POU5F1
UBL3;CCNF;ST3GAL2;ETS2;CLCF1;OXCT1;;;ASS1;RPL13;OXCT1;null
IL6ST;CDC6;CCNA2;CLDN4;RNF166;GPD2;;;null;COX7C;GPD2;PVR
RHOQ;CLEC2D;RRM2;SH2D2A;CDH23;SHCBP1;;;MRPS18B;BCL6;SHCBP1;RRAD
IER5;NCAPG2;TRIP13;CTSB;DYRK1B;CEP55;;;RBPMS;BARD1;GALK1;PTPN14
GSTM5;SLAMF6;CENPK;SOCS3;null;null;;;MAP1LC3B;CDKN1B;SLC25A4;null
CCND1;ATP1B1;PSMD1;PLD3;DGKA;PPIL5;;;DNMT3B;NDUFB10;CENPJ;CACNA1E
SGPL1;FGF3;SPAG5;CDH23;PHOSPHO1;DBF4;;;B2M;COX6A1;CEP55;TNNT3
TNF;TUBB3;BLM;CHST10;TMEM38A;PLK1;;;UXT;TUBB2A;MTDH;null
FLT3;BDH1;ASPM;SOAT1;HSD11B1;CKS1B;;;UBE2D1;SH2D1A;LSM5;ANKRD6
CTSG;NUSAP1;LIG1;TNFRSF8;ANGPT1;CDCA3;;;null;COX5A;null;VAMP2
FOSB;CCND3;DHFR;DYRK1B;WBSCR27;CCNA2;;;PSME1;RPS21;PPIL5;ITK
ABCA1;CENPH;LACTB;AGPAT3;NFAM1;RRM2;;;S100A11;null;RECQL;PLEKHF1
CD52;ANP32E;CCNE1;DGKA;ZBP1;CENPA;;;PARP8;RPS8;ARL1;GTF2H4
SPRY2;RASGRP1;MTX2;GFRA1;CPNE2;PDSS1;;;HES1;ASNA1;ATP2A2;EPHB6
CTSS;GZMA;RGS1;PHOSPHO1;TNFAIP3;TRIP13;;;CPA3;RPL11;DBF4;null
IFNGR2;ASF1B;NCAPH;ERRFI1;RPS6KL1;SHMT2;;;CCND2;RPSA;PLK1;GIMAP6
ARID5B;FYB;RAD51AP1;HSD11B1;ESR1;CENPK;;;IL2RA;null;CNIH4;GPSM3
SKIL;MCM10;KIF22;SH2D1A;TGFBR3;SKP2;;;null;WBP5;DNAJB6;ARHGAP4
FGD4;CPNE2;PLK4;WBSCR27;SYTL3;PSMD1;;;null;VTI1B;CKS1B;TMSB10
IL1R1;ZBTB16;TPM4;TRAF4;NFATC2;SPAG5;;;;CCNG2;PLP2;LAG3
FOSL2;SYTL3;ANLN;GZMA;null;NUDCD2;;;;ETFA;CEBPZ;PLCB2
FCRL1;null;KIF13A;TCF12;NPAS2;BLM;;;;RNF7;CCNA2;AES
BIRC3;LPXN;CD93;HIVEP3;LRP1;ASPM;;;;RPL23A;RRM2;B4GALNT1
TNFSF11;TCF7;RGS2;ZBP1;ARID5A;PSAT1;;;;SFRS9;PDSS1;KCNJ4
PRTN3;SCIN;PBK;RPS6KL1;ERN1;LIG1;;;;RPS23;TRIP13;PRRT1
PTGER3;PRC1;CCNB2;TGFBR3;GRIA3;RACGAP1;;;;RPS4X;null;PDLIM2
MEIS1;RPS6KA2;KIF23;SYTL3;BIN1;DHFR;;;;ESCO1;SHMT2;CKB
BCL6;SLC25A24;SGOL1;NFATC2;ITGAE;TCF19;;;;FIGNL1;CENPK;TRPV6
ACVR2A;IL7R;HMMR;null;ZFP36L1;CCNE1;;;;YME1L1;SKP2;null
IL18RAP;null;SUPT16H;NPAS2;CD53;MTX2;;;;RPL15;PSMD1;BBC3
IL2RB;TRAT1;BUB1;PTPRF;ARMC7;HIGD1A;;;;RPL31;SPAG5;TRIM8
GFRA1;ALS2;11-sept;ITGAE;SCIN;NCAPH;;;;IMPDH2;NUDCD2;KLF13
MYCT1;MARCKS;GNG12;ZFP36L1;BMF;NEFH;;;;FUNDC2;RBM17;SMOC1
SIRPA;LAT;MAD2L1;ABLIM1;SLC27A1;RAD51AP1;;;;PAFAH1B1;DHX36;CD97
ZFP36;DCK;VIM;ETS1;EYA2;KIF22;;;;SERF2;BLM;GALNT4
LDLRAP1;ADORA2A;TMSB10;SCML4;CD82;PLK4;;;;RPL22L1;ASPM;null
GCNT2;null;NRGN;ARMC7;PAPSS2;MRPL18;;;;POLA1;PSAT1;MTSS1
NR1D2;ANXA2;CCNB1;CAMK4;CD37;ANLN;;;;SNORD22;LIG1;P2RX1
NR4A3;PRKCA;ANKRD32;BMF;MXD4;SLC7A5;;;;DNAJC10;FASN;DGKZ
DOCK1;PDLIM1;E2F8;SLC37A1;CCNG2;PBK;;;;RPS19;DHFR;PDK2
HGF;ZDHHC8;SMC2;CD82;SMPDL3A;CCNB2;;;;WDR26;TCF19;MYLIP
LGMN;SYTL2;HK2;IGF2R;MAP3K8;KIF23;;;;ACTR6;COQ7;ONECUT3
BCL11A;SVIL;CIT;GLCCI1;ZBTB20;SGOL1;;;;RTTN;THOC4;null
NR4A2;CD247;RAD51;ZAP70;NOTCH1;HIST1H3D;;;;null;CCNE1;ABCA1
SULF2;MPP4;FGL2;EDEM1;CMAH;HMMR;;;;STRN;MTX2;PTK2B
HOXA9;CDH1;KIF2C;PAPSS2;GRAMD1A;SUPT16H;;;;null;SNX6;CD52
SLC18A1;SMC4;FLNA;C1QTNF1;TCN2;BUB1;;;;IPP;ERO1L;RGS14
TNFSF8;CAMKV;AQP9;LDHB;ABTB1;11-sept;;;;MAN1A2;HIGD1A;null
NFKBIA;HMGCS2;IL12RB2;ACTN1;CTSD;CDC20;;;;VDAC3;DNAJC19;TXNIP
null;DGKE;KIF20A;NOTCH1;LPP;MAD2L1;;;;RB1CC1;NCAPH;ASB12
NFKBIZ;GNAI3;TPX2;CMAH;CTSE;CHTF18;;;;null;NEFH;PSTPIP1
PLAUR;ATP8A1;LMNB1;HIVEP2;TMEM71;CCNB1;;;;STAG2;RAD51AP1;PRH1
RGL1;null;CHEK1;TRAF3IP2;BTG1;TPI1;;;;RAG1;PLK4;HMHA1
PLK2;RRAS2;PTGS2;SNAI3;DAPK1;PRMT7;;;;IFIT2;NSFL1C;PRKCQ
EYA1;null;SMC5;SLC35D1;PLXDC1;GCLM;;;;;MRPL18;SEPP1
CD82;BCL11B;SLC25A13;CBL;FNDC1;ANKRD32;;;;;ANLN;SP100
NR4A1;NOTCH3;TUBA8;SLC11A2;MYCN;E2F8;;;;;ALDOA;BCL2L1
MAFF;PLXDC2;CBX5;DAPK1;KLHL24;CDC7;;;;;SLC7A5;ETS2
CD33;SEMA4A;CCNF;PLXDC1;null;MTHFD2;;;;;RPS9;null
PIK3AP1;ALDH1B1;AMD1;ABCC5;ENTPD1;SMC2;;;;;PBK;null
MAP3K8;GBP4;null;ANGPTL7;ENG;HK2;;;;;CCNB2;CCM2
null;IL17RB;CDC6;HPCAL1;RAPGEF3;LSM2;;;;;KIF23;ARID5B
REL;CD3G;MACF1;PPT2;FADS3;ORC2L;;;;;SGOL1;PLD3
HAVCR2;DPP4;NCAPG2;SPATA6;GRASP;CIT;;;;;LASS5;AP3M2
EGR1;SOCS2;WDHD1;RAPGEF3;IFNGR1;RAD51;;;;;RBM8A;BCAT2
VPS37B;IFT80;AURKB;GRASP;BCL2L14;KIF2C;;;;;CLASP2;TMCC3
CXCL2;MUC13;GPR97;IFNGR1;ABCG1;MTBP;;;;;CST9;CHST10
CSF1R;RAG2;CTSG;LAT;NUDT16;UBE2S;;;;;CDK2;EIF4E3
SMAD7;CPA3;TIPIN;TRPT1;DTX1;NUP155;;;;;HMMR;RARRES2
CD74;PPT1;PASK;DTX1;SFXN3;KIF20A;;;;;SUPT16H;CSNK1E
IL10;null;FOSB;ENPP5;ENPP5;TPX2;;;;;BUB1;FOXJ2
S100A4;FUT8;HIST1H4I;ZDHHC14;ZYX;LMNB1;;;;;AAAS;null
GRAMD1A;SEC24D;CD52;GRINA;LTB;CHEK1;;;;;11-sept;DYRK1B
MEF2C;LY6D;PTPN12;RALGPS2;GRINA;RECQL4;;;;;CDC20;BCL6
CREM;PPIC;CYCS;TRAF1;RNASEL;null;;;;;GINS4;INHBC
CCL3;IL2RA;FABP5;ADCY6;YPEL5;RCC1;;;;;TARS;null
IL17RE;null;KIF5B;RTKN;CACNB1;CAD;;;;;SFRS1;KCNA7
null;PLSCR1;AZIN1;CACNB1;SLA2;AURKA;;;;;UQCRC2;IRX4
LMO2;null;null;TRIM46;TLR6;PHF5A;;;;;MAD2L1;MIDN
ITSN1;H19;IQGAP2;E2F4;null;CBX5;;;;;FKBP3;DGKA
TLR7;;SFRS3;NEBL;TRIM46;DDX21;;;;;SLC16A1;CD5
UBE2L6;;KHDRBS3;KLF3;null;CD97;;;;;CHTF18;XCL1
ITGA9;;ANTXR2;null;DTX3;LRRC42;;;;;RAD23B;null
GPR132;;GALNT1;ZDHHC8;PINK1;CCNF;;;;;ZCCHC10;FURIN
IER3;;HMGB3;ARHGEF10L;PARP6;AMD1;;;;;RPL30;PHOSPHO1
IL12A;;TIMELESS;NR3C1;WDR13;LYAR;;;;;EXOSC1;PLA2G7
CCL4;;MASTL;CD200;CBX4;null;;;;;PSMA7;WNT8B
BMPR2;;KIF18A;CD247;GM2A;CDC6;;;;;TOP2A;KCNH3
PPP3CA;;FGF3;null;ARHGEF10L;INCENP;;;;;CDK8;null
ENTPD1;;CST7;KCNH2;SYTL2;TIMM23;;;;;GFM1;NPR1
ROBO4;;BRCA1;SYTL1;TCIRG1;TUBG1;;;;;ATP13A3;ZFP36
DUSP2;;GNA15;DEGS2;SNX15;NCAPG2;;;;;CCNB1;SLAMF1
FADS3;;NEIL3;TBC1D8;ZFP36L2;GMNN;;;;;TPI1;HSD11B1
ATF3;;MELK;CDH1;CISH;WDHD1;;;;;PRMT7;NTRK3
MYADM;;CPD;CAMKV;SYTL1;AURKB;;;;;ENY2;null
CD34;;MYBL2;null;CDKN1A;TIPIN;;;;;GCLM;NDST4
GADD45B;;SCCPDH;NFKB2;ALDOC;PASK;;;;;PTBP2;IGFBP4
PYGM;;ERG;null;TBC1D8;CHCHD3;;;;;ANGPTL4;WBSCR27
RHOB;;ZWILCH;CD28;SLC29A3;HIST1H4I;;;;;ANKRD32;RASGRP1
SLCO3A1;;IL1R1;NFKBIE;CDH1;CYCS;;;;;E2F8;PCDHB18
LBP;;CDCA5;SLC12A7;WDR45;GPSM2;;;;;PTPRJ;ADAMTSL4
CABLES1;;NUSAP1;PCNX;ACY3;FABP5;;;;;RAB27A;AHDC1
MPO;;CAB39L;HMGCS2;MAP1LC3B;ASNS;;;;;ZDHHC2;TES
SAMHD1;;HINT1;ARHGAP9;CAMKV;POLR2F;;;;;CDC7;IQCF3
ANXA1;;DKKL1;SLC37A2;NPC1;NAP1L1;;;;;MTHFD2;TNFAIP3
TREM1;;null;EHD3;null;SLC3A2;;;;;SNRPD1;null
S100A6;;POLE;DGKE;null;HMGB3;;;;;SMC2;ZNRF1
FOS;;USP1;null;null;ID3;;;;;HK2;PLXND1
IL1R2;;PDE2A;GFI1;EZH1;FEN1;;;;;LSM2;NFATC2
KCTD12;;ASAH1;CD3E;NFKBIE;SHMT1;;;;;SPATS2;null
CCRL2;;FZD6;null;null;COX7A2;;;;;TNPO3;NPAS2
CD28;;KLHDC2;BTG2;LXN;TIMELESS;;;;;ORC2L;NPHS2
CD86;;CENPH;RRAS2;SLC12A7;MASTL;;;;;CIT;NAB2
OAS2;;PGRMC1;TMEM50B;null;KIF18A;;;;;RAD51;NFKBIA
ELTD1;;MAGOH;GDPD1;ZC3H12A;BRCA1;;;;;KIF2C;EPAS1
BTG2;;MCM3;DNTT;GTPBP2;CKAP2;;;;;TAGLN2;JUP
null;;MPP6;null;HMGCS2;NEIL3;;;;;MTBP;CAV1
IER2;;CD5;CLCN2;LFNG;GTSE1;;;;;BID;SLC7A11
CD7;;PRIM1;AHR;null;TMEM97;;;;;TXNRD1;PPP1R1A
PLEK;;IL18RAP;BCL11B;PCMTD2;DBI;;;;;IL12RB2;DES
IL18R1;;TBXAS1;SMARCA4;null;MELK;;;;;NUP155;null
EBI3;;NT5C;DHRS3;SLC12A6;MYBL2;;;;;KIF20A;STX6
null;;MND1;NOTCH3;null;HSPA14;;;;;NFATC2IP;SP6
PDE4B;;RPS27L;POU6F1;TK2;null;;;;;RPA3;WSB2
KLRD1;;GATM;RAG1;null;CEP152;;;;;TPX2;FRAT1
null;;RPA1;ANKS3;SSTR2;IFI30;;;;;CHEK1;TMEM37
IFITM3;;UCHL5;PTCRA;BTG2;ZWILCH;;;;;null;PPP1R16B
IFIT1;;ZFP36;FBXL12;null;PHF19;;;;;RCC1;ALS2CL
PLD4;;HNF4A;null;null;CDCA5;;;;;LSM7;CD53
IFI44;;PCNA;GBP4;SFT2D2;NUSAP1;;;;;SLC25A13;null
TSC22D1;;EIF2S2;PQLC3;PIK3CD;RAN;;;;;IGBP1;CCR4
null;;COX5A;CTSL;GRN;HINT1;;;;;HDGF;PLAUR
;;ANGPT1;RNF157;TMEM50B;ADSL;;;;;DGCR8;KRTAP13-1
;;SLC7A8;PGAM2;GMFG;POLE;;;;;CAD;PTAFR
;;NPL;CD3G;GAB1;DNMT1;;;;;SMARCC1;BMF
;;SMS;BAIAP3;RUNX1;USP1;;;;;AURKA;null
;;IGFBP4;ITGB4;CLCN2;CENPH;;;;;POLR3G;POU2F2
;;BCL11A;TMC6;AHR;ORC6L;;;;;PHF5A;ZDHHC20
;;NR4A2;null;UNC93B1;MAGOH;;;;;CBX5;EYA2
;;null;TM6SF1;SMARCA4;MCM3;;;;;DDX21;NR4A1
;;EME1;DHCR7;TSC22D3;ABCF2;;;;;SUZ12;ACOX3
;;HSD17B12;BST1;DHRS3;BARD1;;;;;LRRC42;CLK3
;;GNPNAT1;SPIB;S100A11;MPP6;;;;;CCNF;GLCCI1
;;TES;PCMTD1;YPEL3;CD5;;;;;AMD1;ARNTL
;;SLC35F5;LDLR;NOTCH3;ORC1L;;;;;LYAR;null
;;MCM10;TMEM131;RNF167;CBWD1;;;;;null;null
;;FCER1G;RAG2;PLXDC2;SNRPA1;;;;;MTRR;PAPSS2
;;TYMS;null;RAG1;PFKP;;;;;CDC6;ACHE
;;FES;WDR78;ANKS3;ADK;;;;;RPL37;null
;;DUT;XBP1;PTCRA;NCL;;;;;PIGA;CD37
;;ERH;PPT1;FBXL12;PRIM1;;;;;INCENP;MXD4
;;ZBTB16;RAB6B;null;LSM3;;;;;null;ITGAM
;;DUSP1;LY6D;CCPG1;RANGAP1;;;;;NHP2L1;null
;;SPRED1;null;ACSS2;PTGES3;;;;;E2F3;CEACAM1
;;CDT1;CAPN5;SEMA4A;NT5DC2;;;;;NANS;RARA
;;EXO1;CD79B;LSP1;NT5C;;;;;TOPBP1;ARX
;;PAM;CTLA4;STAT4;MND1;;;;;TUBG1;EGR1
;;SMC6;NDRG1;PARP8;RPS27L;;;;;YBX1;DOPEY2
;;MYO5A;REPIN1;null;RPA2;;;;;PELP1;CDKL2
;;RRM1;PLD4;HES1;RPA1;;;;;null;null
;;TUBB2C;HMGN3;GBP4;UCHL5;;;;;NCAPG2;IRX3
;;GPX1;H19;PQLC3;CLTB;;;;;GMNN;null
;;FANCA;;HBP1;COX6A1;;;;;WDHD1;SCAND1
;;IL31RA;;DPP4;NUDT5;;;;;LACTB2;CNNM2
;;PTER;;BAIAP3;TMPO;;;;;NPM1;LDHB
;;PLK3;;ITGB4;PCNA;;;;;COX6C;TIPARP
;;SLC16A7;;TMC6;LRDD;;;;;TIPIN;ZBTB20
;;null;;SOCS2;EIF2S2;;;;;null;ACTN1
;;IL15;;TM6SF1;COX5A;;;;;PASK;GRAMD1A
;;RFWD3;;null;CTPS;;;;;null;PRKCZ
;;USP14;;STARD10;PDCD1;;;;;PABPC1;TUBB4
;;DOCK7;;DHCR7;UNG;;;;;EBNA1BP2;TCN2
;;RFC1;;BST1;BUB1B;;;;;CHCHD3;null
;;KRAS;;SPIB;SMS;;;;;SNRPD3;ABTB1
;;CD180;;EPSTI1;HIST1H4H;;;;;ZMYND19;DGKG
;;NASP;;TAPBP;CDR2;;;;;02-sept;GIMAP1
;;SCIN;;KCNK5;EME1;;;;;BCLAF1;GPR162
;;null;;MUC13;POLR2L;;;;;HIST1H4I;TMEM71
;;ATP6V0A1;;PCMTD1;GZMA;;;;;LTA4H;BTG1
;;FUT7;;LDLR;ASF1B;;;;;CYCS;CACNB3
;;DEK;;TMEM131;CD6;;;;;FABP5;EPHX1
;;null;;null;SNRPE;;;;;NDUFB5;TMSB4X
;;NR4A1;;RAG2;MDM1;;;;;GTF2F1;IL21R
;;IL10RB;;CPA3;PSMD14;;;;;AZIN1;VASN
;;CD33;;IRF7;MCM10;;;;;SAMM50;ITPKB
;;STMN1;;WDR78;TYMS;;;;;PABPN1;PLEKHG2
;;PIK3AP1;;XBP1;DUT;;;;;GNL2;SPSB1
;;null;;IL10RA;ERH;;;;;POLR2F;EGR2
;;PTP4A1;;ELK3;THOP1;;;;;SFRS3;PHF1
;;GFI1B;;PPT1;GOT1;;;;;NAP1L1;SOCS1
;;SLC43A3;;SLC15A2;BYSL;;;;;SLC38A1;GPX3
;;ITGAM;;ALOX5AP;CDT1;;;;;STT3B;TNFSF14
;;XPO1;;RGS18;EXO1;;;;;BOP1;null
;;PLXNB2;;GPR56;ETV5;;;;;ACAD9;ABCG1
;;null;;RAB6B;SMC6;;;;;AGTPBP1;ADAM12
;;REL;;JUN;MYO5A;;;;;HMGB3;ZDHHC14
;;DEPDC6;;null;H2AFX;;;;;ITM2A;PIP5K1B
;;RASGRP2;;PLEKHA7;RRM1;;;;;FEN1;02-mars
;;POLE2;;null;TUBB2C;;;;;DARS;ZYX
;;PRC1;;TRAFD1;SET;;;;;SHMT1;LTB
;;POLD3;;TIFA;PSMC1;;;;;COX7A2;EXTL1
;;SMAD7;;RAB38;NME1;;;;;COPS3;PNRC1
;;RAD54L;;CAPN5;GNL3;;;;;TIMELESS;MYO1F
;;AR;;CD79B;IQGAP3;;;;;API5;YPEL5
;;ENDOD1;;CTLA4;FANCA;;;;;MASTL;TBXA2R
;;SLC25A24;;TSPAN2;RPS25;;;;;NOL7;GDF11
;;DAP;;null;RRS1;;;;;MRPS15;SLBP
;;RAD51L1;;IL2RA;UCHL3;;;;;KIF18A;null
;;SERPINF1;;NKG7;null;;;;;CDC27;SLCO3A1
;;EHD4;;TPD52;NUDC;;;;;DDX52;GABBR1
;;CUL2;;NDRG1;DDX39;;;;;NDUFC1;TBX6
;;HSPD1;;null;CDC25A;;;;;CPSF3;PTPRE
;;RAD18;;REPIN1;RFWD3;;;;;SSB;KLF3
;;MCM4;;CASP1;null;;;;;BRCA1;NNT
;;MEF2C;;GBP2;TK1;;;;;CKAP2;NBEAL2
;;RAD51C;;PARP14;NME2;;;;;NEIL3;CD247
;;CCL3;;RTP4;USP14;;;;;TMCO4;KCNH2
;;PRKAR2A;;IFITM3;MRPS18C;;;;;CSDE1;INADL
;;null;;IFIT1;TMEM48;;;;;null;TEX14
;;DTL;;PLD4;GARS;;;;;GNG10;RB1CC1
;;RBBP8;;null;RFC1;;;;;VRK2;null
;;LMO2;;IFI44;KRAS;;;;;NUDT1;PCMTD2
;;WEE1;;IFIH1;CAMK4;;;;;TMEM97;SLC37A2
;;RASA3;;TSC22D1;NASP;;;;;ECD;SLC12A6
;;TJP2;;H19;DONSON;;;;;DBI;UBE2D1
;;MYCN;;null;ROCK2;;;;;RPL17;null
;;ITGA9;;;NUDCD1;;;;;RPL21;BTG2
;;SLC14A1;;;SMYD5;;;;;STT3A;null
;;PCTP;;;AARSD1;;;;;AKAP1;GRN
;;RPL14;;;YARS;;;;;MELK;KLC3
;;IER3;;;DEK;;;;;LDHA;DHRS3
;;LASS4;;;RPP30;;;;;SSBP1;S100A11
;;null;;;NR4A1;;;;;MYBL2;YPEL3
;;FIGNL1;;;TMEM109;;;;;MPHOSPH10;RNF167
;;CD9;;;ETF1;;;;;HSPA14;RAG1
;;UMPS;;;STMN1;;;;;null;S100A10
;;BRCA2;;;ZAP70;;;;;SLC25A17;FBXL12
;;null;;;GEMIN6;;;;;IFI30;ATHL1
;;ARHGAP6;;;XPO1;;;;;SNRPB2;LSP1
;;ITGA2B;;;PPM1G;;;;;RPS6KA3;ITPR1
;;null;;;CCDC86;;;;;CETN2;HBP1
;;CLEC4E;;;HIST2H2BB;;;;;PTPLB;PGAM2
;;LAT2;;;SLC25A5;;;;;ZWILCH;EPSTI1
;;PCYT1A;;;EXOSC2;;;;;MRPL51;RAG2
;;CKAP5;;;SDF2L1;;;;;CDCA5;WDR78
;;null;;;POLE2;;;;;NDUFA1;ELK3
;;DUSP2;;;NUP43;;;;;NUSAP1;RAB6B
;;MCM5;;;PRC1;;;;;CAB39L;NFE2
;;null;;;POLD3;;;;;NOLC1;null
;;HELLS;;;RAD54L;;;;;PRKRIR;
;;null;;;null;;;;;PTMA;
;;RFC2;;;RAD51L1;;;;;RAN;
;;PI4K2B;;;SRM;;;;;RAP1A;
;;MAPKAPK2;;;EHD4;;;;;null;
;;GLIPR1;;;HSPD1;;;;;HINT1;
;;PIP5K1B;;;MBNL3;;;;;MRPL37;
;;CD34;;;RAD18;;;;;PSMD6;
;;NCF1;;;null;;;;;ADSL;
;;TRIM16;;;MCM4;;;;;DRG2;
;;MYO1F;;;NUP133;;;;;null;
;;SWAP70;;;PLCL2;;;;;POLE;
;;SYCE2;;;UQCRQ;;;;;THOC3;
;;POLA1;;;RAD51C;;;;;RPL13;
;;SLBP;;;NUP93;;;;;TCEB1;
;;CD72;;;POLA2;;;;;CHML;
;;MTCH2;;;PRKAR2A;;;;;PSMC6;
;;null;;;FOXM1;;;;;null;
;;null;;;null;;;;;DNMT1;
;;PPP4R2;;;UTP20;;;;;RPS24;
;;RHOB;;;DTL;;;;;USP1;
;;IDE;;;RBBP8;;;;;EIF4A1;
;;CORO2A;;;CKS2;;;;;LPGAT1;
;;PHACTR2;;;E2F1;;;;;NF2;
;;07-sept;;;UTP18;;;;;KLHDC2;
;;RNF141;;;RPL14;;;;;CENPH;
;;LYL1;;;null;;;;;MTFR1;
;;NAPSA;;;ATP5G3;;;;;TNFRSF8;
;;SLCO3A1;;;FIGNL1;;;;;ATG3;
;;SNX9;;;PPAT;;;;;DHX9;
;;RAD50;;;C1QBP;;;;;null;
;;RFC4;;;UMPS;;;;;EEF1B2;
;;PRR13;;;GAS5;;;;;null;
;;KPNA3;;;LRPPRC;;;;;NUP107;
;;PTPRE;;;NOL11;;;;;BZW1;
;;MPO;;;CKAP5;;;;;TPP2;
;;BTK;;;IMPDH2;;;;;ORC6L;
;;RBPMS;;;MCM5;;;;;SFRS2;
;;MC5R;;;EIF2S1;;;;;LAS1L;
;;SAMHD1;;;null;;;;;SMN1;
;;RAB31;;;null;;;;;STRA13;
;;ITGAX;;;HELLS;;;;;PGRMC1;
;;IRF5;;;POLD2;;;;;MAGOH;
;;ANXA1;;;CCT8;;;;;COX7C;
;;CHN2;;;SYCE2;;;;;SEPHS2;
;;LITAF;;;POLA1;;;;;ALAD;
;;KIT;;;SLBP;;;;;MCM3;
;;FOS;;;MTCH2;;;;;ABCF2;
;;IPO7;;;LAP3;;;;;FBL;
;;GGTA1;;;ME2;;;;;null;
;;CCRL2;;;null;;;;;HTATSF1;
;;ADD3;;;RFC4;;;;;EIF1B;
;;SMC3;;;KPNA3;;;;;TMED2;
;;ATP1B3;;;RFC3;;;;;BARD1;
;;null;;;CHCHD4;;;;;NUTF2;
;;HSP90AA1;;;CSE1L;;;;;MPP6;
;;THBD;;;CCT6A;;;;;PIGQ;
;;null;;;MTHFD1;;;;;TAF9;
;;PIM1;;;MPP4;;;;;THOC7;
;;ELTD1;;;IPO7;;;;;HSPE1;
;;HIST1H2BC;;;CD28;;;;;ORC1L;
;;IER2;;;COPS5;;;;;CBWD1;
;;LST1;;;HSP90AA1;;;;;SLC31A1;
;;TRIM13;;;GART;;;;;TOMM70A;
;;FGD2;;;HIST1H2BC;;;;;PIGF;
;;PLCG2;;;TMED5;;;;;BRE;
;;SLC22A3;;;PPA1;;;;;SNRPA1;
;;CD7;;;EXOSC8;;;;;CHCHD1;
;;PLEK;;;;;;;;GLMN;
;;S100A10;;;;;;;;NEDD8;
;;ITGA4;;;;;;;;THAP2;
;;ARHGAP18;;;;;;;;ADK;
;;ALDH1B1;;;;;;;;NCL;
;;BCAP29;;;;;;;;PRIM1;
;;TYROBP;;;;;;;;LSM3;
;;CALCRL;;;;;;;;PPIE;
;;PLA2G4A;;;;;;;;HSF2;
;;SOCS2;;;;;;;;ELAC2;
;;OGFRL1;;;;;;;;ANAPC5;
;;IFITM1;;;;;;;;RANGAP1;
;;CREG1;;;;;;;;PTGES3;
;;GZMB;;;;;;;;STX17;
;;MUC13;;;;;;;;PTPN4;
;;HHEX;;;;;;;;UBE2V2;
;;CPA3;;;;;;;;VDAC1;
;;F2R;;;;;;;;MIF;
;;FUT8;;;;;;;;NT5DC2;
;;ALOX5AP;;;;;;;;EEF1D;
;;RGS18;;;;;;;;TIAL1;
;;CD48;;;;;;;;GFRA1;
;;JUN;;;;;;;;MRPL13;
;;DAPP1;;;;;;;;NDUFB10;
;;CYFIP1;;;;;;;;TOP1MT;
;;PLAC8;;;;;;;;RIPK3;
;;NKG7;;;;;;;;MND1;
;;NFE2;;;;;;;;RPS27L;
;;null;;;;;;;;TOP1;
;;CASP1;;;;;;;;COX17;
;;B3GNT5;;;;;;;;STARD7;
;;null;;;;;;;;USP10;
;;PLSCR1;;;;;;;;RPA2;
;;IFITM3;;;;;;;;CARS;
;;null;;;;;;;;FAIM;
;;IFITM2;;;;;;;;RPA1;
;;null;;;;;;;;ORC3L;
;;;;;;;;;;PMS2;
;;;;;;;;;;UCHL5;
;;;;;;;;;;CLTB;
;;;;;;;;;;HCCS;
;;;;;;;;;;COX6A1;
;;;;;;;;;;NDUFA2;
;;;;;;;;;;NUDT5;
;;;;;;;;;;null;
;;;;;;;;;;PCNA;
;;;;;;;;;;CCDC99;
;;;;;;;;;;LRDD;
;;;;;;;;;;SH2D1A;
;;;;;;;;;;EIF2S2;
;;;;;;;;;;GSTZ1;
;;;;;;;;;;SAP18;
;;;;;;;;;;LRRC40;
;;;;;;;;;;TSPAN5;
;;;;;;;;;;COX5A;
;;;;;;;;;;TFRC;
;;;;;;;;;;null;
;;;;;;;;;;UTP6;
;;;;;;;;;;CTPS;
;;;;;;;;;;PPP1R7;
;;;;;;;;;;NEK1;
;;;;;;;;;;CCT2;
;;;;;;;;;;BUB1B;
;;;;;;;;;;SMS;
;;;;;;;;;;PTP4A2;
;;;;;;;;;;ANP32E;
;;;;;;;;;;ACTL6A;
;;;;;;;;;;RPS21;
;;;;;;;;;;PSMA3;
;;;;;;;;;;NUDT21;
;;;;;;;;;;SFMBT1;
;;;;;;;;;;COQ5;
;;;;;;;;;;COX4I1;
;;;;;;;;;;TRPM7;
;;;;;;;;;;WDR43;
;;;;;;;;;;EME1;
;;;;;;;;;;METTL5;
;;;;;;;;;;null;
;;;;;;;;;;RPL37A;
;;;;;;;;;;HSD17B12;
;;;;;;;;;;POLR2L;
;;;;;;;;;;ARF2;
;;;;;;;;;;SLC39A6;
;;;;;;;;;;ZW10;
;;;;;;;;;;GZMA;
;;;;;;;;;;ASF1B;
;;;;;;;;;;DENR;
;;;;;;;;;;ANP32B;
;;;;;;;;;;B4GALT1;
;;;;;;;;;;TIMM9;
;;;;;;;;;;RPN1;
;;;;;;;;;;BCKDHB;
;;;;;;;;;;GBE1;
;;;;;;;;;;SNRPE;
;;;;;;;;;;PRDX6;
;;;;;;;;;;GNPNAT1;
;;;;;;;;;;PRMT5;
;;;;;;;;;;null;
;;;;;;;;;;PSMD14;
;;;;;;;;;;RQCD1;
;;;;;;;;;;RAB23;
;;;;;;;;;;RTN4IP1;
;;;;;;;;;;GNPTAB;
;;;;;;;;;;MCM10;
;;;;;;;;;;CPNE2;
;;;;;;;;;;PRKCI;
;;;;;;;;;;PDCD5;
;;;;;;;;;;NACA;
;;;;;;;;;;TYMS;
;;;;;;;;;;DUT;
;;;;;;;;;;RRN3;
;;;;;;;;;;ERH;
;;;;;;;;;;RPS15;
;;;;;;;;;;null;
;;;;;;;;;;THOP1;
;;;;;;;;;;PSMD13;
;;;;;;;;;;GOT1;
;;;;;;;;;;USMG5;
;;;;;;;;;;OXSM;
;;;;;;;;;;null;
;;;;;;;;;;MRPL15;
;;;;;;;;;;TPT1;
;;;;;;;;;;MPP7;
;;;;;;;;;;TBRG4;
;;;;;;;;;;TKT;
;;;;;;;;;;PPAN;
;;;;;;;;;;OCIAD1;
;;;;;;;;;;CETN3;
;;;;;;;;;;CDT1;
;;;;;;;;;;EXO1;
;;;;;;;;;;MATR3;
;;;;;;;;;;TDP1;
;;;;;;;;;;CCDC53;
;;;;;;;;;;GPHN;
;;;;;;;;;;SMC6;
;;;;;;;;;;CNIH;
;;;;;;;;;;EXOSC9;
;;;;;;;;;;MYO5A;
;;;;;;;;;;RPS8;
;;;;;;;;;;PSMA4;
;;;;;;;;;;PRKDC;
;;;;;;;;;;SUCLA2;
;;;;;;;;;;COPS4;
;;;;;;;;;;NDUFB8;
;;;;;;;;;;RRM1;
;;;;;;;;;;HUWE1;
;;;;;;;;;;FAF1;
;;;;;;;;;;FOXRED1;
;;;;;;;;;;TUBB2C;
;;;;;;;;;;SET;
;;;;;;;;;;BLMH;
;;;;;;;;;;THOC1;
;;;;;;;;;;PSMC1;
;;;;;;;;;;TAF15;
;;;;;;;;;;GPX1;
;;;;;;;;;;SIP1;
;;;;;;;;;;SUMO2;
;;;;;;;;;;null;
;;;;;;;;;;NME1;
;;;;;;;;;;TFPI;
;;;;;;;;;;GNL3;
;;;;;;;;;;CDK2AP1;
;;;;;;;;;;ZBTB8OS;
;;;;;;;;;;RSU1;
;;;;;;;;;;DYNLL2;
;;;;;;;;;;HMGCS1;
;;;;;;;;;;CUL1;
;;;;;;;;;;GRSF1;
;;;;;;;;;;PMF1;
;;;;;;;;;;HSPA5;
;;;;;;;;;;FANCA;
;;;;;;;;;;RPS25;
;;;;;;;;;;ATP5H;
;;;;;;;;;;WDR36;
;;;;;;;;;;MTG1;
;;;;;;;;;;null;
;;;;;;;;;;MAT2A;
;;;;;;;;;;USP39;
;;;;;;;;;;null;
;;;;;;;;;;RRS1;
;;;;;;;;;;WDR75;
;;;;;;;;;;DDX18;
;;;;;;;;;;UCHL3;
;;;;;;;;;;EIF5B;
;;;;;;;;;;RPL35;
;;;;;;;;;;EFTUD2;
;;;;;;;;;;MTX1;
;;;;;;;;;;null;
;;;;;;;;;;ADPGK;
;;;;;;;;;;MOSPD2;
;;;;;;;;;;LIAS;
;;;;;;;;;;SEC61A1;
;;;;;;;;;;null;
;;;;;;;;;;NUDC;
;;;;;;;;;;ODF2L;
;;;;;;;;;;G6PC3;
;;;;;;;;;;RPL39;
;;;;;;;;;;null;
;;;;;;;;;;THYN1;
;;;;;;;;;;NARS;
;;;;;;;;;;OPA1;
;;;;;;;;;;DDX39;
;;;;;;;;;;EEF1E1;
;;;;;;;;;;LGALS1;
;;;;;;;;;;SORD;
;;;;;;;;;;DHDDS;
;;;;;;;;;;CDC25A;
;;;;;;;;;;RFWD3;
;;;;;;;;;;null;
;;;;;;;;;;TK1;
;;;;;;;;;;RPL11;
;;;;;;;;;;DAP3;
;;;;;;;;;;HSP90B1;
;;;;;;;;;;NME2;
;;;;;;;;;;NUP188;
;;;;;;;;;;USP14;
;;;;;;;;;;SNRPD2;
;;;;;;;;;;MRPS18C;
;;;;;;;;;;TMEM48;
;;;;;;;;;;RPSA;
;;;;;;;;;;GARS;
;;;;;;;;;;null;
;;;;;;;;;;WBP5;
;;;;;;;;;;POLR2H;
;;;;;;;;;;UFD1L;
;;;;;;;;;;RFC1;
;;;;;;;;;;KRAS;
;;;;;;;;;;RAD17;
;;;;;;;;;;NASP;
;;;;;;;;;;POLH;
;;;;;;;;;;PRDX1;
;;;;;;;;;;DONSON;
;;;;;;;;;;RPL41;
;;;;;;;;;;ATP5G1;
;;;;;;;;;;CPSF2;
;;;;;;;;;;ATP6V1C1;
;;;;;;;;;;null;
;;;;;;;;;;ROCK2;
;;;;;;;;;;PSMA6;
;;;;;;;;;;PTCD2;
;;;;;;;;;;TSN;
;;;;;;;;;;NUDCD1;
;;;;;;;;;;RPS15A;
;;;;;;;;;;PSMB3;
;;;;;;;;;;NDUFS1;
;;;;;;;;;;RPL35A;
;;;;;;;;;;KCNQ5;
;;;;;;;;;;VTI1B;
;;;;;;;;;;POLD1;
;;;;;;;;;;PSMB7;
;;;;;;;;;;ATP5L;
;;;;;;;;;;XPO4;
;;;;;;;;;;IDH3A;
;;;;;;;;;;SMYD5;
;;;;;;;;;;ATP5E;
;;;;;;;;;;IMMT;
;;;;;;;;;;SEPHS1;
;;;;;;;;;;UBE2N;
;;;;;;;;;;COMMD6;
;;;;;;;;;;PEX7;
;;;;;;;;;;PDE7A;
;;;;;;;;;;RARS;
;;;;;;;;;;AARSD1;
;;;;;;;;;;TOMM20;
;;;;;;;;;;YARS;
;;;;;;;;;;DDX1;
;;;;;;;;;;PSMA2;
;;;;;;;;;;SLC35B1;
;;;;;;;;;;DEK;
;;;;;;;;;;KCTD5;
;;;;;;;;;;RPP30;
;;;;;;;;;;PHTF2;
;;;;;;;;;;CBX3;
;;;;;;;;;;RPL13A;
;;;;;;;;;;HSPA4;
;;;;;;;;;;SERBP1;
;;;;;;;;;;null;
;;;;;;;;;;NDUFB6;
;;;;;;;;;;QTRTD1;
;;;;;;;;;;ANKRD12;
;;;;;;;;;;IFNAR2;
;;;;;;;;;;CNBP;
;;;;;;;;;;NIP7;
;;;;;;;;;;AATF;
;;;;;;;;;;FANCL;
;;;;;;;;;;MASP1;
;;;;;;;;;;USP5;
;;;;;;;;;;ABCE1;
;;;;;;;;;;TMEM109;
;;;;;;;;;;ETF1;
;;;;;;;;;;PARL;
;;;;;;;;;;SDCCAG1;
;;;;;;;;;;SRPK1;
;;;;;;;;;;DRAP1;
;;;;;;;;;;STMN1;
;;;;;;;;;;MRPL45;
;;;;;;;;;;ATAD3A;
;;;;;;;;;;TIMM8B;
;;;;;;;;;;AS3MT;
;;;;;;;;;;PTP4A1;
;;;;;;;;;;SMO;
;;;;;;;;;;MYBBP1A;
;;;;;;;;;;NDUFS4;
;;;;;;;;;;PHB2;
;;;;;;;;;;SLC43A3;
;;;;;;;;;;NUP88;
;;;;;;;;;;TEX10;
;;;;;;;;;;GEMIN6;
;;;;;;;;;;LTV1;
;;;;;;;;;;null;
;;;;;;;;;;PAK1IP1;
;;;;;;;;;;XPO1;
;;;;;;;;;;OAT;
;;;;;;;;;;POLR2G;
;;;;;;;;;;SARS;
;;;;;;;;;;PPM1G;
;;;;;;;;;;PYCRL;
;;;;;;;;;;HSP90AB1;
;;;;;;;;;;RPL8;
;;;;;;;;;;PEX3;
;;;;;;;;;;NDUFAB1;
;;;;;;;;;;null;
;;;;;;;;;;FKBP5;
;;;;;;;;;;UQCRB;
;;;;;;;;;;RANBP1;
;;;;;;;;;;ACBD6;
;;;;;;;;;;EIF2B1;
;;;;;;;;;;ACAT2;
;;;;;;;;;;RSL1D1;
;;;;;;;;;;PPIA;
;;;;;;;;;;AHCY;
;;;;;;;;;;null;
;;;;;;;;;;null;
;;;;;;;;;;null;
;;;;;;;;;;MRPS17;
;;;;;;;;;;PTPN2;
;;;;;;;;;;RNPS1;
;;;;;;;;;;TRNT1;
;;;;;;;;;;PSMD12;
;;;;;;;;;;ANP32A;
;;;;;;;;;;TRAIP;
;;;;;;;;;;SMYD2;
;;;;;;;;;;MRPL9;
;;;;;;;;;;RPS2;
;;;;;;;;;;MKI67IP;
;;;;;;;;;;RPL7L1;
;;;;;;;;;;SLC25A5;
;;;;;;;;;;null;
;;;;;;;;;;WDR5;
;;;;;;;;;;ARMC1;
;;;;;;;;;;NDUFA4;
;;;;;;;;;;HADH;
;;;;;;;;;;ETFA;
;;;;;;;;;;DNAJC9;
;;;;;;;;;;EXOSC2;
;;;;;;;;;;CDC42;
;;;;;;;;;;DDX56;
;;;;;;;;;;KIF2A;
;;;;;;;;;;POLE2;
;;;;;;;;;;NUP43;
;;;;;;;;;;RPS26;
;;;;;;;;;;PRC1;
;;;;;;;;;;XPO5;
;;;;;;;;;;PSMC2;
;;;;;;;;;;KDELC1;
;;;;;;;;;;null;
;;;;;;;;;;CLCN5;
;;;;;;;;;;POLD3;
;;;;;;;;;;ST6GALNAC4;
;;;;;;;;;;WDR46;
;;;;;;;;;;RAD54L;
;;;;;;;;;;SLC25A3;
;;;;;;;;;;MRPL1;
;;;;;;;;;;UQCRH;
;;;;;;;;;;null;
;;;;;;;;;;ATM;
;;;;;;;;;;EZH2;
;;;;;;;;;;SKP1A;
;;;;;;;;;;PFDN2;
;;;;;;;;;;ASRGL1;
;;;;;;;;;;ATPBD4;
;;;;;;;;;;RPS6;
;;;;;;;;;;MORF4L2;
;;;;;;;;;;YEATS4;
;;;;;;;;;;SF3B5;
;;;;;;;;;;SNX5;
;;;;;;;;;;LARS;
;;;;;;;;;;SKIV2L2;
;;;;;;;;;;DOHH;
;;;;;;;;;;null;
;;;;;;;;;;MRPS18A;
;;;;;;;;;;MPHOSPH9;
;;;;;;;;;;RAD51L1;
;;;;;;;;;;RPL36AL;
;;;;;;;;;;POLR2D;
;;;;;;;;;;SRM;
;;;;;;;;;;TRMT1;
;;;;;;;;;;IL7R;
;;;;;;;;;;EHD4;
;;;;;;;;;;RPS18;
;;;;;;;;;;DNAJC11;
;;;;;;;;;;CUL2;
;;;;;;;;;;MED6;
;;;;;;;;;;HARS;
;;;;;;;;;;null;
;;;;;;;;;;HSPD1;
;;;;;;;;;;HRSP12;
;;;;;;;;;;RPL7;
;;;;;;;;;;MBNL3;
;;;;;;;;;;GTF2H2;
;;;;;;;;;;NUP37;
;;;;;;;;;;RAD18;
;;;;;;;;;;NUCKS1;
;;;;;;;;;;RNF7;
;;;;;;;;;;CCNC;
;;;;;;;;;;null;
;;;;;;;;;;RPL23;
;;;;;;;;;;TBL3;
;;;;;;;;;;CDC16;
;;;;;;;;;;CHEK2;
;;;;;;;;;;null;
;;;;;;;;;;BLVRA;
;;;;;;;;;;FAM60A;
;;;;;;;;;;MRPL32;
;;;;;;;;;;MCM4;
;;;;;;;;;;NUP133;
;;;;;;;;;;ILF2;
;;;;;;;;;;null;
;;;;;;;;;;null;
;;;;;;;;;;ZDHHC6;
;;;;;;;;;;OBFC2B;
;;;;;;;;;;null;
;;;;;;;;;;POLR3E;
;;;;;;;;;;MRPL11;
;;;;;;;;;;RPL23A;
;;;;;;;;;;RAD51C;
;;;;;;;;;;SFRS9;
;;;;;;;;;;RPL5;
;;;;;;;;;;IPO4;
;;;;;;;;;;DECR1;
;;;;;;;;;;NUP93;
;;;;;;;;;;SDHB;
;;;;;;;;;;OTUD6B;
;;;;;;;;;;POLA2;
;;;;;;;;;;NANP;
;;;;;;;;;;PA2G4;
;;;;;;;;;;POLR2B;
;;;;;;;;;;IPO11;
;;;;;;;;;;PSMB6;
;;;;;;;;;;MRPS28;
;;;;;;;;;;SEH1L;
;;;;;;;;;;UBE2J2;
;;;;;;;;;;TXNL4A;
;;;;;;;;;;PRKAR2A;
;;;;;;;;;;MCM2;
;;;;;;;;;;RPS14;
;;;;;;;;;;PES1;
;;;;;;;;;;NDUFV2;
;;;;;;;;;;BTBD10;
;;;;;;;;;;XPO7;
;;;;;;;;;;CCT7;
;;;;;;;;;;NCBP2;
;;;;;;;;;;SPCS3;
;;;;;;;;;;null;
;;;;;;;;;;null;
;;;;;;;;;;SLC19A1;
;;;;;;;;;;MIB1;
;;;;;;;;;;RPS23;
;;;;;;;;;;NUFIP1;
;;;;;;;;;;PGRMC2;
;;;;;;;;;;MDH1;
;;;;;;;;;;PUS7;
;;;;;;;;;;RPL4;
;;;;;;;;;;MRPL3;
;;;;;;;;;;RPS16;
;;;;;;;;;;UTP20;
;;;;;;;;;;SUMO3;
;;;;;;;;;;DTL;
;;;;;;;;;;SOD2;
;;;;;;;;;;SLC11A2;
;;;;;;;;;;EIF5A;
;;;;;;;;;;RBBP8;
;;;;;;;;;;THUMPD1;
;;;;;;;;;;CENPC1;
;;;;;;;;;;RPS3;
;;;;;;;;;;ATP5F1;
;;;;;;;;;;WDR55;
;;;;;;;;;;RPS4X;
;;;;;;;;;;SSRP1;
;;;;;;;;;;TBP;
;;;;;;;;;;TMEM33;
;;;;;;;;;;ASNSD1;
;;;;;;;;;;SAR1B;
;;;;;;;;;;CKS2;
;;;;;;;;;;null;
;;;;;;;;;;SUCLG2;
;;;;;;;;;;E2F1;
;;;;;;;;;;null;
;;;;;;;;;;null;
;;;;;;;;;;ANKRD49;
;;;;;;;;;;WEE1;
;;;;;;;;;;ALG3;
;;;;;;;;;;NSDHL;
;;;;;;;;;;MRPL17;
;;;;;;;;;;SMARCB1;
;;;;;;;;;;GSR;
;;;;;;;;;;UTP18;
;;;;;;;;;;null;
;;;;;;;;;;MRPS14;
;;;;;;;;;;CRIP1;
;;;;;;;;;;POLE3;
;;;;;;;;;;RPGR;
;;;;;;;;;;RPS28;
;;;;;;;;;;RNMT;
;;;;;;;;;;ELP3;
;;;;;;;;;;RPL7A;
;;;;;;;;;;RAB11A;
;;;;;;;;;;TSR1;
;;;;;;;;;;SHFM1;
;;;;;;;;;;RPLP1;
;;;;;;;;;;NUP35;
;;;;;;;;;;SLC35A3;
;;;;;;;;;;MRPL2;
;;;;;;;;;;FUCA2;
;;;;;;;;;;POLR1A;
;;;;;;;;;;CIRH1A;
;;;;;;;;;;MRPL19;
;;;;;;;;;;PRMT3;
;;;;;;;;;;null;
;;;;;;;;;;CFDP1;
;;;;;;;;;;PTPLAD1;
;;;;;;;;;;MRE11A;
;;;;;;;;;;VDAC2;
;;;;;;;;;;FMR1;
;;;;;;;;;;NOC4L;
;;;;;;;;;;RPL14;
;;;;;;;;;;TCEA1;
;;;;;;;;;;EI24;
;;;;;;;;;;null;
;;;;;;;;;;BCAS2;
;;;;;;;;;;null;
;;;;;;;;;;null;
;;;;;;;;;;ATP5G3;
;;;;;;;;;;FIGNL1;
;;;;;;;;;;GOLT1B;
;;;;;;;;;;NMD3;
;;;;;;;;;;BCCIP;
;;;;;;;;;;CCDC58;
;;;;;;;;;;null;
;;;;;;;;;;PPAT;
;;;;;;;;;;HIBCH;
;;;;;;;;;;CCT5;
;;;;;;;;;;STRAP;
;;;;;;;;;;METAP1;
;;;;;;;;;;METTL1;
;;;;;;;;;;OXA1L;
;;;;;;;;;;RPS3A;
;;;;;;;;;;YME1L1;
;;;;;;;;;;NDUFB11;
;;;;;;;;;;RIOK2;
;;;;;;;;;;C1QBP;
;;;;;;;;;;UMPS;
;;;;;;;;;;MGAT2;
;;;;;;;;;;POLE4;
;;;;;;;;;;GAS5;
;;;;;;;;;;TMTC4;
;;;;;;;;;;RPL10A;
;;;;;;;;;;RPIA;
;;;;;;;;;;XRCC2;
;;;;;;;;;;BRCA2;
;;;;;;;;;;ANAPC13;
;;;;;;;;;;TERF1;
;;;;;;;;;;PPRC1;
;;;;;;;;;;ZMPSTE24;
;;;;;;;;;;PET112L;
;;;;;;;;;;LRPPRC;
;;;;;;;;;;DDX51;
;;;;;;;;;;MCM7;
;;;;;;;;;;UQCRFS1;
;;;;;;;;;;null;
;;;;;;;;;;ALS2;
;;;;;;;;;;null;
;;;;;;;;;;MRPL48;
;;;;;;;;;;TFB2M;
;;;;;;;;;;COX6B1;
;;;;;;;;;;MRPS22;
;;;;;;;;;;BAG1;
;;;;;;;;;;null;
;;;;;;;;;;RPL15;
;;;;;;;;;;NUDT19;
;;;;;;;;;;NSF;
;;;;;;;;;;MRPS36;
;;;;;;;;;;NARG2;
;;;;;;;;;;TBCA;
;;;;;;;;;;KRR1;
;;;;;;;;;;PUS1;
;;;;;;;;;;HEATR1;
;;;;;;;;;;AFG3L1;
;;;;;;;;;;NDUFV1;
;;;;;;;;;;CLNS1A;
;;;;;;;;;;NVL;
;;;;;;;;;;NOL11;
;;;;;;;;;;SMU1;
;;;;;;;;;;TRAP1;
;;;;;;;;;;CKAP5;
;;;;;;;;;;XPOT;
;;;;;;;;;;LSS;
;;;;;;;;;;SNX30;
;;;;;;;;;;GSPT1;
;;;;;;;;;;FANCM;
;;;;;;;;;;ATP5J2;
;;;;;;;;;;TFAM;
;;;;;;;;;;null;
;;;;;;;;;;SC4MOL;
;;;;;;;;;;TCERG1;
;;;;;;;;;;MAPRE1;
;;;;;;;;;;SCPEP1;
;;;;;;;;;;NUP85;
;;;;;;;;;;SUCLG1;
;;;;;;;;;;RPL31;
;;;;;;;;;;MARCKS;
;;;;;;;;;;U2AF1;
;;;;;;;;;;WDR61;
;;;;;;;;;;IMPDH2;
;;;;;;;;;;POLR2J;
;;;;;;;;;;C1D;
;;;;;;;;;;PDIA4;
;;;;;;;;;;MCM5;
;;;;;;;;;;PSMB1;
;;;;;;;;;;EIF2S1;
;;;;;;;;;;VRK1;
;;;;;;;;;;POLI;
;;;;;;;;;;DDX19A;
;;;;;;;;;;RPS11;
;;;;;;;;;;null;
;;;;;;;;;;MRPS25;
;;;;;;;;;;MRPL50;
;;;;;;;;;;RPS20;
;;;;;;;;;;TIMM17A;
;;;;;;;;;;FUNDC2;
;;;;;;;;;;MTCP1;
;;;;;;;;;;null;
;;;;;;;;;;PARK7;
;;;;;;;;;;TRMT5;
;;;;;;;;;;RCL1;
;;;;;;;;;;XRN2;
;;;;;;;;;;null;
;;;;;;;;;;FOXK2;
;;;;;;;;;;MCTS1;
;;;;;;;;;;NUP62;
;;;;;;;;;;null;
;;;;;;;;;;POMT2;
;;;;;;;;;;PEBP1;
;;;;;;;;;;MRPL40;
;;;;;;;;;;TUBGCP5;
;;;;;;;;;;HELLS;
;;;;;;;;;;JAGN1;
;;;;;;;;;;ESD;
;;;;;;;;;;RFC2;
;;;;;;;;;;SFRS7;
;;;;;;;;;;RAB18;
;;;;;;;;;;SERF2;
;;;;;;;;;;RPL6;
;;;;;;;;;;GHITM;
;;;;;;;;;;null;
;;;;;;;;;;SLC7A1;
;;;;;;;;;;PCCA;
;;;;;;;;;;TSPAN6;
;;;;;;;;;;TXNL1;
;;;;;;;;;;POLD2;
;;;;;;;;;;TFB1M;
;;;;;;;;;;CASP7;
;;;;;;;;;;IPO8;
;;;;;;;;;;CCT8;
;;;;;;;;;;ADI1;
;;;;;;;;;;ALDH18A1;
;;;;;;;;;;GNG5;
;;;;;;;;;;null;
;;;;;;;;;;SUMO1;
;;;;;;;;;;GLO1;
;;;;;;;;;;SMARCAD1;
;;;;;;;;;;NDUFB4;
;;;;;;;;;;RPL26;
;;;;;;;;;;MTAP;
;;;;;;;;;;EEF1A1;
;;;;;;;;;;TMEM147;
;;;;;;;;;;KRTCAP2;
;;;;;;;;;;PHOSPHO2;
;;;;;;;;;;null;
;;;;;;;;;;RPS5;
;;;;;;;;;;TPRKB;
;;;;;;;;;;FADS1;
;;;;;;;;;;DDX10;
;;;;;;;;;;HMBS;
;;;;;;;;;;DBR1;
;;;;;;;;;;AP4M1;
;;;;;;;;;;RBMX2;
;;;;;;;;;;null;
;;;;;;;;;;PFKL;
;;;;;;;;;;RPL22L1;
;;;;;;;;;;BAZ1B;
;;;;;;;;;;RBM14;
;;;;;;;;;;ACSL5;
;;;;;;;;;;HMGCR;
;;;;;;;;;;MRPS21;
;;;;;;;;;;NUDT9;
;;;;;;;;;;RPL10;
;;;;;;;;;;null;
;;;;;;;;;;NMT2;
;;;;;;;;;;NOC3L;
;;;;;;;;;;GLRX2;
;;;;;;;;;;RPP14;
;;;;;;;;;;SPG20;
;;;;;;;;;;HADHB;
;;;;;;;;;;PSMC5;
;;;;;;;;;;TPR;
;;;;;;;;;;ABCB7;
;;;;;;;;;;RAD1;
;;;;;;;;;;NUP160;
;;;;;;;;;;AFG3L2;
;;;;;;;;;;SYCE2;
;;;;;;;;;;RPS17;
;;;;;;;;;;NUP54;
;;;;;;;;;;CASP3;
;;;;;;;;;;GSTP1;
;;;;;;;;;;null;
;;;;;;;;;;RBBP7;
;;;;;;;;;;POLA1;
;;;;;;;;;;SCFD1;
;;;;;;;;;;TRIM32;
;;;;;;;;;;RPP40;
;;;;;;;;;;SLBP;
;;;;;;;;;;VARS;
;;;;;;;;;;RNF138;
;;;;;;;;;;INTS7;
;;;;;;;;;;DNAJC10;
;;;;;;;;;;ASS1;
;;;;;;;;;;SETDB1;
;;;;;;;;;;SYNCRIP;
;;;;;;;;;;FADS2;
;;;;;;;;;;BAG2;
;;;;;;;;;;JOSD1;
;;;;;;;;;;IMPA2;
;;;;;;;;;;ALG5;
;;;;;;;;;;PDIA3;
;;;;;;;;;;MTCH2;
;;;;;;;;;;ATR;
;;;;;;;;;;NT5C3;
;;;;;;;;;;KPNB1;
;;;;;;;;;;GUSB;
;;;;;;;;;;GNB2L1;
;;;;;;;;;;LAP3;
;;;;;;;;;;NDUFA9;
;;;;;;;;;;TTC1;
;;;;;;;;;;RPS19;
;;;;;;;;;;CPT1A;
;;;;;;;;;;ST13;
;;;;;;;;;;CASP8AP2;
;;;;;;;;;;TARDBP;
;;;;;;;;;;ME2;
;;;;;;;;;;TXNDC12;
;;;;;;;;;;OAZ1;
;;;;;;;;;;USP16;
;;;;;;;;;;VPS29;
;;;;;;;;;;TMEM14C;
;;;;;;;;;;CALU;
;;;;;;;;;;null;
;;;;;;;;;;GSTO1;
;;;;;;;;;;RSRC1;
;;;;;;;;;;RPL36A;
;;;;;;;;;;PARP2;
;;;;;;;;;;null;
;;;;;;;;;;ACTR6;
;;;;;;;;;;BTBD1;
;;;;;;;;;;IDE;
;;;;;;;;;;null;
;;;;;;;;;;FDFT1;
;;;;;;;;;;null;
;;;;;;;;;;HERC4;
;;;;;;;;;;PSMD2;
;;;;;;;;;;IFRD2;
;;;;;;;;;;PRPF31;
;;;;;;;;;;CDC5L;
;;;;;;;;;;OTUD4;
;;;;;;;;;;TUFM;
;;;;;;;;;;PARN;
;;;;;;;;;;TOMM7;
;;;;;;;;;;RPL12;
;;;;;;;;;;SQLE;
;;;;;;;;;;CACYBP;
;;;;;;;;;;CCT3;
;;;;;;;;;;MRPS18B;
;;;;;;;;;;HIAT1;
;;;;;;;;;;RNF141;
;;;;;;;;;;SUV39H1;
;;;;;;;;;;RBM7;
;;;;;;;;;;STIP1;
;;;;;;;;;;UBE3A;
;;;;;;;;;;UBE2L3;
;;;;;;;;;;RAD50;
;;;;;;;;;;RTTN;
;;;;;;;;;;NSMAF;
;;;;;;;;;;null;
;;;;;;;;;;RFC4;
;;;;;;;;;;CRNKL1;
;;;;;;;;;;MARCKSL1;
;;;;;;;;;;MTO1;
;;;;;;;;;;ATPAF2;
;;;;;;;;;;KPNA3;
;;;;;;;;;;YWHAQ;
;;;;;;;;;;DNAJA2;
;;;;;;;;;;null;
;;;;;;;;;;TMEM165;
;;;;;;;;;;TMEM93;
;;;;;;;;;;SDHD;
;;;;;;;;;;GTF2H3;
;;;;;;;;;;TGDS;
;;;;;;;;;;EXOC6;
;;;;;;;;;;MRPL46;
;;;;;;;;;;GDI2;
;;;;;;;;;;null;
;;;;;;;;;;NSUN2;
;;;;;;;;;;RFC3;
;;;;;;;;;;CHCHD4;
;;;;;;;;;;PSMA5;
;;;;;;;;;;ADH5;
;;;;;;;;;;CSE1L;
;;;;;;;;;;RPL22;
;;;;;;;;;;DPH5;
;;;;;;;;;;GTF2E2;
;;;;;;;;;;null;
;;;;;;;;;;IKBKAP;
;;;;;;;;;;PRPF3;
;;;;;;;;;;null;
;;;;;;;;;;CLPP;
;;;;;;;;;;WDR82;
;;;;;;;;;;ST7;
;;;;;;;;;;CCT6A;
;;;;;;;;;;NUP153;
;;;;;;;;;;null;
;;;;;;;;;;PDCL3;
;;;;;;;;;;TUBGCP2;
;;;;;;;;;;PRMT1;
;;;;;;;;;;NR3C1;
;;;;;;;;;;ATP11C;
;;;;;;;;;;ELOVL5;
;;;;;;;;;;PDIA6;
;;;;;;;;;;MPP5;
;;;;;;;;;;LANCL2;
;;;;;;;;;;IPP;
;;;;;;;;;;SF3A3;
;;;;;;;;;;COIL;
;;;;;;;;;;UTP11L;
;;;;;;;;;;IARS;
;;;;;;;;;;DYNLT3;
;;;;;;;;;;GRINL1A;
;;;;;;;;;;null;
;;;;;;;;;;XRCC5;
;;;;;;;;;;RDBP;
;;;;;;;;;;TCP1;
;;;;;;;;;;LGALS3BP;
;;;;;;;;;;ZCCHC8;
;;;;;;;;;;POP4;
;;;;;;;;;;ATP5B;
;;;;;;;;;;DDX47;
;;;;;;;;;;ALG9;
;;;;;;;;;;MRPS33;
;;;;;;;;;;PSMA1;
;;;;;;;;;;SDHA;
;;;;;;;;;;REXO2;
;;;;;;;;;;SPAG7;
;;;;;;;;;;PPP6C;
;;;;;;;;;;DLAT;
;;;;;;;;;;PITRM1;
;;;;;;;;;;MTHFD1;
;;;;;;;;;;LRRC59;
;;;;;;;;;;VPS35;
;;;;;;;;;;STOML2;
;;;;;;;;;;TIPRL;
;;;;;;;;;;MECR;
;;;;;;;;;;SFXN1;
;;;;;;;;;;IDI1;
;;;;;;;;;;AK2;
;;;;;;;;;;PHB;
;;;;;;;;;;SEC23B;
;;;;;;;;;;CCT4;
;;;;;;;;;;UFC1;
;;;;;;;;;;WDR74;
;;;;;;;;;;POLDIP2;
;;;;;;;;;;null;
;;;;;;;;;;LIG3;
;;;;;;;;;;GTPBP4;
;;;;;;;;;;SLC7A6;
;;;;;;;;;;MBOAT1;
;;;;;;;;;;null;
;;;;;;;;;;null;
;;;;;;;;;;SPATA5;
;;;;;;;;;;CDK4;
;;;;;;;;;;AMPD2;
;;;;;;;;;;RABGGTB;
;;;;;;;;;;PSMD7;
;;;;;;;;;;PARP1;
;;;;;;;;;;IFT74;
;;;;;;;;;;MRRF;
;;;;;;;;;;PTRH2;
;;;;;;;;;;RPN2;
;;;;;;;;;;SLC35A4;
;;;;;;;;;;APEX1;
;;;;;;;;;;TXNDC9;
;;;;;;;;;;NFYB;
;;;;;;;;;;NFS1;
;;;;;;;;;;CAMKV;
;;;;;;;;;;BCAP31;
;;;;;;;;;;IPO7;
;;;;;;;;;;MSH2;
;;;;;;;;;;SF3B3;
;;;;;;;;;;SASS6;
;;;;;;;;;;USP9X;
;;;;;;;;;;PSMB2;
;;;;;;;;;;PRPS1;
;;;;;;;;;;null;
;;;;;;;;;;E2F6;
;;;;;;;;;;WDR77;
;;;;;;;;;;null;
;;;;;;;;;;GGH;
;;;;;;;;;;MBD4;
;;;;;;;;;;UPF2;
;;;;;;;;;;ASF1A;
;;;;;;;;;;EEF1G;
;;;;;;;;;;SEC61A2;
;;;;;;;;;;COPS5;
;;;;;;;;;;PWP1;
;;;;;;;;;;null;
;;;;;;;;;;PSMB8;
;;;;;;;;;;CUL4B;
;;;;;;;;;;B2M;
;;;;;;;;;;BCS1L;
;;;;;;;;;;PSME3;
;;;;;;;;;;RHEB;
;;;;;;;;;;RANBP2;
;;;;;;;;;;ZMAT2;
;;;;;;;;;;PLRG1;
;;;;;;;;;;MINA;
;;;;;;;;;;SMC3;
;;;;;;;;;;ATP1B3;
;;;;;;;;;;PRDX2;
;;;;;;;;;;VDAC3;
;;;;;;;;;;GRWD1;
;;;;;;;;;;HSP90AA1;
;;;;;;;;;;null;
;;;;;;;;;;null;
;;;;;;;;;;ADSS;
;;;;;;;;;;SSSCA1;
;;;;;;;;;;null;
;;;;;;;;;;FTSJ3;
;;;;;;;;;;null;
;;;;;;;;;;MDN1;
;;;;;;;;;;IMPA1;
;;;;;;;;;;SPRYD4;
;;;;;;;;;;STAG2;
;;;;;;;;;;MCM6;
;;;;;;;;;;IMP3;
;;;;;;;;;;PRPSAP2;
;;;;;;;;;;MRPL41;
;;;;;;;;;;ZCCHC17;
;;;;;;;;;;GART;
;;;;;;;;;;UHRF1;
;;;;;;;;;;DPAGT1;
;;;;;;;;;;CTSC;
;;;;;;;;;;FEM1B;
;;;;;;;;;;PLEKHA1;
;;;;;;;;;;ETFB;
;;;;;;;;;;BET1;
;;;;;;;;;;RCC2;
;;;;;;;;;;MLH1;
;;;;;;;;;;NMI;
;;;;;;;;;;DTYMK;
;;;;;;;;;;null;
;;;;;;;;;;ASH2L;
;;;;;;;;;;SRP68;
;;;;;;;;;;COPS2;
;;;;;;;;;;RRAS2;
;;;;;;;;;;GRN;
;;;;;;;;;;TMEM50B;
;;;;;;;;;;NIT2;
;;;;;;;;;;PDK3;
;;;;;;;;;;TBC1D19;
;;;;;;;;;;null;
;;;;;;;;;;AGPAT5;
;;;;;;;;;;SLMAP;
;;;;;;;;;;PIGX;
;;;;;;;;;;ELOVL6;
;;;;;;;;;;MAOA;
;;;;;;;;;;BRCC3;
;;;;;;;;;;RUVBL1;
;;;;;;;;;;IDH3G;
;;;;;;;;;;TMED5;
;;;;;;;;;;CASD1;
;;;;;;;;;;CCNH;
;;;;;;;;;;MRPL36;
;;;;;;;;;;DRG1;
;;;;;;;;;;ZC3HC1;
;;;;;;;;;;EIF2AK2;
;;;;;;;;;;PSMD5;
;;;;;;;;;;STARD4;
;;;;;;;;;;PAICS;
;;;;;;;;;;PRDX3;
;;;;;;;;;;SLC44A1;
;;;;;;;;;;HAT1;
;;;;;;;;;;PPA1;
;;;;;;;;;;EXOSC8;
;;;;;;;;;;TRIM13;
;;;;;;;;;;ZWINT;
;;;;;;;;;;MRPL23;
;;;;;;;;;;B3GALNT2;
;;;;;;;;;;PCGF6;
;;;;;;;;;;LMAN1;
;;;;;;;;;;SCARB1;
;;;;;;;;;;SLC22A3;
;;;;;;;;;;WARS;
;;;;;;;;;;SSR2;
;;;;;;;;;;VKORC1;
;;;;;;;;;;DCUN1D5;
;;;;;;;;;;CHAF1B;
;;;;;;;;;;PSME2;
;;;;;;;;;;null;
;;;;;;;;;;PNPT1;
;;;;;;;;;;DLD;
;;;;;;;;;;RNPEP;
;;;;;;;;;;CDCA7L;
;;;;;;;;;;GTF2B;
;;;;;;;;;;ARHGAP5;
;;;;;;;;;;OSGEP;
;;;;;;;;;;THUMPD3;
;;;;;;;;;;SLC30A6;
;;;;;;;;;;PSMD10;
;;;;;;;;;;CCDC43;
;;;;;;;;;;INTS4;
;;;;;;;;;;NGFRAP1;
;;;;;;;;;;MTF2;
;;;;;;;;;;DTNBP1;
;;;;;;;;;;DDX24;
;;;;;;;;;;null;
;;;;;;;;;;EXOSC7;
;;;;;;;;;;CHORDC1;
;;;;;;;;;;GGA2;
;;;;;;;;;;FUNDC1;
;;;;;;;;;;null;
;;;;;;;;;;PRPF38A;
;;;;;;;;;;ETV6;
;;;;;;;;;;MCOLN2;
;;;;;;;;;;BCAP29;
;;;;;;;;;;MMACHC;
;;;;;;;;;;ECHDC1;
;;;;;;;;;;DCPS;
;;;;;;;;;;HDAC2;
;;;;;;;;;;ATPIF1;
;;;;;;;;;;IL17RB;
;;;;;;;;;;MYC;
;;;;;;;;;;TSPAN31;
;;;;;;;;;;QSER1;
;;;;;;;;;;ALDH2;
;;;;;;;;;;CDK6;
;;;;;;;;;;PLA2G4A;
;;;;;;;;;;SLC30A5;
;;;;;;;;;;MRPL24;
;;;;;;;;;;ZIK1;
;;;;;;;;;;EIF4A2;
;;;;;;;;;;RNF130;
;;;;;;;;;;null;
;;;;;;;;;;EBP;
;;;;;;;;;;FKBP4;
;;;;;;;;;;SLC12A2;
;;;;;;;;;;PAFAH1B2;
;;;;;;;;;;PSMB10;
;;;;;;;;;;KCNK5;
;;;;;;;;;;CREG1;
;;;;;;;;;;BST2;
;;;;;;;;;;GPR65;
;;;;;;;;;;IFIT2;
;;;;;;;;;;PDRG1;
;;;;;;;;;;TRIM37;
;;;;;;;;;;LDLR;
;;;;;;;;;;GYPC;
;;;;;;;;;;AHSA1;
;;;;;;;;;;null;
;;;;;;;;;;null;
;;;;;;;;;;EEF2K;
;;;;;;;;;;null;
;;;;;;;;;;CCND2;
;;;;;;;;;;CSDA;
;;;;;;;;;;PLAC8;
;;;;;;;;;;null;
;;;;;;;;;;ACADL;
;;;;;;;;;;null;
;;;;;;;;;;RTP4;
;;;;;;;;;;SAP30;
